Workbook
Name Diagnosis_Codes: 'Input Guide'!$A$2:$B$10

Sheet Dental OP
A1: =PROPER("Patient Id") -> Patient Id | B1: =PROPER("AGE") -> Age | C1: =PROPER("SEX") -> Sex | D1: =PROPER("VISIT DATE") -> Visit Date | E1: =PROPER("CHIEF COMPLAINT") -> Chief Complaint | F1: =PROPER("DIAGNOSIS") -> Diagnosis | G1: =PROPER("DIAGNOSIS CODE") -> Diagnosis Code | H1: =PROPER("TREATMENT PLAN") -> Treatment Plan | I1: =PROPER("TREATMENT STATUS") -> Treatment Status | J1: =PROPER("FOLLOW UP DATE") -> Follow Up Date | K1: =PROPER("QUERY FLAG") -> Query Flag
A2: OP-01 | B2: 38 | C2: Male | D2: =RANDBETWEEN(DATE(2026, 4,1), DATE(2026, 6, 20)) -> 46142 | E2: Missing tooth | F2: Periodontitis | G2: =IFERROR(VLOOKUP(F2, Diagnosis_Codes, 2, 0), "") -> DG 05 | H2: Referral to specialist | I2: Referred | J2: 46162 | K2: =IF(COUNTIF(A2:A31, A2)>1, "Query:Duplicate Patient ID", IF(F2="", "Query:Diagnosis Missing", "") )
A3: OP-02 | B3: 50 | C3: Female | D3: =RANDBETWEEN(DATE(2026, 4,1), DATE(2026, 6, 20)) -> 46149 | E3: Toothache | F3: Dentoalveolar abscess | G3: =IFERROR(VLOOKUP(F3, Diagnosis_Codes, 2, 0), "") -> DG 03 | H3: Extraction | I3: Did Not Return | K3: =IF(COUNTIF(A3:A32, A3)>1, "Query:Duplicate Patient ID", IF(F3="", "Query:Diagnosis Missing", "") )
A4: OP-03 | B4: 43 | C4: Male | D4: =RANDBETWEEN(DATE(2026, 4,1), DATE(2026, 6, 20)) -> 46165 | E4: Bleeding Gums | F4: Gingivitis | G4: =IFERROR(VLOOKUP(F4, Diagnosis_Codes, 2, 0), "") -> DG 04 | H4: Scaling | I4: Completed | K4: =IF(COUNTIF(A4:A33, A4)>1, "Query:Duplicate Patient ID", IF(F4="", "Query:Diagnosis Missing", "") )
A5: OP-04 | B5: 23 | C5: Female | D5: =RANDBETWEEN(DATE(2026, 4,1), DATE(2026, 6, 20)) -> 46142 | E5: Toothache | F5: Impacted tooth | G5: =IFERROR(VLOOKUP(F5, Diagnosis_Codes, 2, 0), "") -> DG 07 | H5: Extraction | I5: In Progress | J5: 46132 | K5: =IF(COUNTIF(A5:A34, A5)>1, "Query:Duplicate Patient ID", IF(F5="", "Query:Diagnosis Missing", "") )
A6: OP-05 | B6: 11 | C6: Female | D6: =RANDBETWEEN(DATE(2026, 4,1), DATE(2026, 6, 20)) -> 46149 | E6: Crowded teeth | F6: Malocclusion | G6: =IFERROR(VLOOKUP(F6, Diagnosis_Codes, 2, 0), "") -> DG 06 | H6: Orthodontic consultation | I6: Referred | J6: 46181 | K6: =IF(COUNTIF(A6:A35, A6)>1, "Query:Duplicate Patient ID", IF(F6="", "Query:Diagnosis Missing", "") )
A7: OP-06 | B7: 26 | C7: Male | D7: 46168 | E7: Crowded teeth | F7: Malocclusion | G7: =IFERROR(VLOOKUP(F7, Diagnosis_Codes, 2, 0), "") -> DG 06 | H7: Orthodontic consultation | I7: Did Not Return | K7: =IF(COUNTIF(A7:A36, A7)>1, "Query:Duplicate Patient ID", IF(F7="", "Query:Diagnosis Missing", "") ) -> Query:Duplicate Patient ID
A8: OP-07 | B8: 65 | C8: Female | D8: =RANDBETWEEN(DATE(2026, 4,1), DATE(2026, 6, 20)) -> 46131 | E8: Missing tooth | F8: Periodontitis | G8: =IFERROR(VLOOKUP(F8, Diagnosis_Codes, 2, 0), "") -> DG 05 | H8: Referral to specialist | I8: Did Not Return | K8: =IF(COUNTIF(A8:A37, A8)>1, "Query:Duplicate Patient ID", IF(F8="", "Query:Diagnosis Missing", "") )
A9: OP-08 | B9: 53 | C9: Female | D9: =RANDBETWEEN(DATE(2026, 4,1), DATE(2026, 6, 20)) -> 46136 | E9: Missing tooth | F9: Periodontitis | G9: =IFERROR(VLOOKUP(F9, Diagnosis_Codes, 2, 0), "") -> DG 05 | H9: Referral to specialist | I9: Referred | J9: 46150 | K9: =IF(COUNTIF(A9:A38, A9)>1, "Query:Duplicate Patient ID", IF(F9="", "Query:Diagnosis Missing", "") )
A10: OP-09 | B10: 34 | C10: Male | D10: =RANDBETWEEN(DATE(2026, 4,1), DATE(2026, 6, 20)) -> 46135 | E10: Toothache | G10: =IFERROR(VLOOKUP(F10, Diagnosis_Codes, 2, 0), "") | H10: Root Canal Treatment | I10: In Progress | J10: 46162 | K10: =IF(COUNTIF(A10:A39, A10)>1, "Query:Duplicate Patient ID", IF(F10="", "Query:Diagnosis Missing", "") ) -> Query:Diagnosis Missing
A11: OP-10 | B11: 56 | C11: Male | D11: =RANDBETWEEN(DATE(2026, 4,1), DATE(2026, 6, 20)) -> 46120 | E11: Toothache | F11: Dental Caries | G11: =IFERROR(VLOOKUP(F11, Diagnosis_Codes, 2, 0), "") -> DG 01 | H11: Restoration | I11: Completed | K11: =IF(COUNTIF(A11:A40, A11)>1, "Query:Duplicate Patient ID", IF(F11="", "Query:Diagnosis Missing", "") )
A12: OP-11 | B12: 56 | C12: Male | D12: =RANDBETWEEN(DATE(2026, 4,1), DATE(2026, 6, 20)) -> 46122 | E12: Toothache | G12: =IFERROR(VLOOKUP(F12, Diagnosis_Codes, 2, 0), "") | H12: Root Canal Treatment | I12: Referred | J12: 46198 | K12: =IF(COUNTIF(A12:A41, A12)>1, "Query:Duplicate Patient ID", IF(F12="", "Query:Diagnosis Missing", "") ) -> Query:Diagnosis Missing
A13: OP-12 | B13: 33 | C13: Female | D13: =RANDBETWEEN(DATE(2026, 4,1), DATE(2026, 6, 20)) -> 46150 | E13: Toothache | F13: Dental Caries | G13: =IFERROR(VLOOKUP(F13, Diagnosis_Codes, 2, 0), "") -> DG 01 | H13: Restoration | I13: Completed | K13: =IF(COUNTIF(A13:A42, A13)>1, "Query:Duplicate Patient ID", IF(F13="", "Query:Diagnosis Missing", "") )
A14: OP-13 | B14: 12 | C14: Male | D14: =RANDBETWEEN(DATE(2026, 4,1), DATE(2026, 6, 20)) -> 46181 | E14: Crowded teeth | F14: Malocclusion | G14: =IFERROR(VLOOKUP(F14, Diagnosis_Codes, 2, 0), "") -> DG 06 | H14: Orthodontic consultation | I14: Referred | J14: 46165 | K14: =IF(COUNTIF(A14:A43, A14)>1, "Query:Duplicate Patient ID", IF(F14="", "Query:Diagnosis Missing", "") )
A15: OP-14 | B15: 7 | C15: Male | D15: =RANDBETWEEN(DATE(2026, 4,1), DATE(2026, 6, 20)) -> 46161 | E15: Toothache | F15: Dental Caries | G15: =IFERROR(VLOOKUP(F15, Diagnosis_Codes, 2, 0), "") -> DG 01 | H15: Restoration | I15: Completed | K15: =IF(COUNTIF(A15:A44, A15)>1, "Query:Duplicate Patient ID", IF(F15="", "Query:Diagnosis Missing", "") )
A16: OP-15 | B16: 37 | C16: Male | D16: =RANDBETWEEN(DATE(2026, 4,1), DATE(2026, 6, 20)) -> 46125 | E16: Bleeding Gums | F16: Gingivitis | G16: =IFERROR(VLOOKUP(F16, Diagnosis_Codes, 2, 0), "") -> DG 04 | H16: Scaling | I16: Completed | K16: =IF(COUNTIF(A16:A45, A16)>1, "Query:Duplicate Patient ID", IF(F16="", "Query:Diagnosis Missing", "") )
A17: OP-16 | B17: 26 | C17: Female | D17: =RANDBETWEEN(DATE(2026, 4,1), DATE(2026, 6, 20)) -> 46158 | E17: Bleeding Gums | F17: Gingivitis | G17: =IFERROR(VLOOKUP(F17, Diagnosis_Codes, 2, 0), "") -> DG 04 | H17: Scaling | I17: Completed | K17: =IF(COUNTIF(A17:A46, A17)>1, "Query:Duplicate Patient ID", IF(F17="", "Query:Diagnosis Missing", "") )
A18: OP-17 | B18: 18 | C18: Female | D18: =RANDBETWEEN(DATE(2026, 4,1), DATE(2026, 6, 20)) -> 46180 | E18: Crowded teeth | G18: =IFERROR(VLOOKUP(F18, Diagnosis_Codes, 2, 0), "") | I18: Referred | J18: 46121 | K18: =IF(COUNTIF(A18:A47, A18)>1, "Query:Duplicate Patient ID", IF(F18="", "Query:Diagnosis Missing", "") ) -> Query:Diagnosis Missing
A19: OP-06 | B19: 26 | C19: Male | D19: 46168 | E19: Crowded teeth | F19: Malocclusion | G19: =IFERROR(VLOOKUP(F19, Diagnosis_Codes, 2, 0), "") -> DG 06 | H19: Orthodontic consultation | I19: Referred | J19: 46172 | K19: =IF(COUNTIF(A19:A48, A19)>1, "Query:Duplicate Patient ID", IF(F19="", "Query:Diagnosis Missing", "") )
A20: OP-19 | B20: 45 | C20: Female | D20: =RANDBETWEEN(DATE(2026, 4,1), DATE(2026, 6, 20)) -> 46184 | E20: Missing tooth | F20: Periodontitis | G20: =IFERROR(VLOOKUP(F20, Diagnosis_Codes, 2, 0), "") -> DG 05 | H20: Referral to specialist | I20: Referred | J20: 46189 | K20: =IF(COUNTIF(A20:A49, A20)>1, "Query:Duplicate Patient ID", IF(F20="", "Query:Diagnosis Missing", "") )
A21: OP-20 | B21: 63 | C21: Female | D21: =RANDBETWEEN(DATE(2026, 4,1), DATE(2026, 6, 20)) -> 46193 | E21: Missing tooth | F21: Periodontitis | G21: =IFERROR(VLOOKUP(F21, Diagnosis_Codes, 2, 0), "") -> DG 05 | H21: Referral to specialist | I21: Referred | J21: 46191 | K21: =IF(COUNTIF(A21:A50, A21)>1, "Query:Duplicate Patient ID", IF(F21="", "Query:Diagnosis Missing", "") )
A22: OP-21 | B22: 55 | C22: Male | D22: =RANDBETWEEN(DATE(2026, 4,1), DATE(2026, 6, 20)) -> 46157 | E22: Toothache | G22: =IFERROR(VLOOKUP(F22, Diagnosis_Codes, 2, 0), "") | H22: Restoration | I22: Completed | K22: =IF(COUNTIF(A22:A51, A22)>1, "Query:Duplicate Patient ID", IF(F22="", "Query:Diagnosis Missing", "") ) -> Query:Diagnosis Missing
A23: OP-22 | B23: 40 | C23: Female | D23: =RANDBETWEEN(DATE(2026, 4,1), DATE(2026, 6, 20)) -> 46147 | E23: Bleeding Gums | F23: Gingivitis | G23: =IFERROR(VLOOKUP(F23, Diagnosis_Codes, 2, 0), "") -> DG 04 | H23: Scaling | I23: Completed | K23: =IF(COUNTIF(A23:A52, A23)>1, "Query:Duplicate Patient ID", IF(F23="", "Query:Diagnosis Missing", "") )
A24: OP-23 | B24: 55 | C24: Female | D24: =RANDBETWEEN(DATE(2026, 4,1), DATE(2026, 6, 20)) -> 46147 | E24: Toothache | F24: Pulpitis | G24: =IFERROR(VLOOKUP(F24, Diagnosis_Codes, 2, 0), "") -> DG 02 | H24: Root Canal Treatment | I24: In Progress | J24: 46155 | K24: =IF(COUNTIF(A24:A53, A24)>1, "Query:Duplicate Patient ID", IF(F24="", "Query:Diagnosis Missing", "") )
A25: OP-24 | B25: 28 | C25: Male | D25: =RANDBETWEEN(DATE(2026, 4,1), DATE(2026, 6, 20)) -> 46174 | E25: Bleeding Gums | F25: Gingivitis | G25: =IFERROR(VLOOKUP(F25, Diagnosis_Codes, 2, 0), "") -> DG 04 | H25: Scaling | I25: Completed | K25: =IF(COUNTIF(A25:A54, A25)>1, "Query:Duplicate Patient ID", IF(F25="", "Query:Diagnosis Missing", "") )
A26: OP-25 | B26: 34 | C26: Female | D26: =RANDBETWEEN(DATE(2026, 4,1), DATE(2026, 6, 20)) -> 46128 | E26: Bleeding Gums | F26: Gingivitis | G26: =IFERROR(VLOOKUP(F26, Diagnosis_Codes, 2, 0), "") -> DG 04 | H26: Scaling | I26: Completed | K26: =IF(COUNTIF(A26:A55, A26)>1, "Query:Duplicate Patient ID", IF(F26="", "Query:Diagnosis Missing", "") )
A27: OP-26 | B27: 44 | C27: Female | D27: =RANDBETWEEN(DATE(2026, 4,1), DATE(2026, 6, 20)) -> 46162 | E27: Toothache | F27: Pulpitis | G27: =IFERROR(VLOOKUP(F27, Diagnosis_Codes, 2, 0), "") -> DG 02 | H27: Root Canal Treatment | I27: Referred | J27: 46142 | K27: =IF(COUNTIF(A27:A56, A27)>1, "Query:Duplicate Patient ID", IF(F27="", "Query:Diagnosis Missing", "") )
A28: OP-27 | B28: 14 | C28: Female | D28: =RANDBETWEEN(DATE(2026, 4,1), DATE(2026, 6, 20)) -> 46135 | E28: Toothache | G28: =IFERROR(VLOOKUP(F28, Diagnosis_Codes, 2, 0), "") | I28: Referred | J28: 46163 | K28: =IF(COUNTIF(A28:A57, A28)>1, "Query:Duplicate Patient ID", IF(F28="", "Query:Diagnosis Missing", "") ) -> Query:Diagnosis Missing
A29: OP-28 | B29: 56 | C29: Male | D29: =RANDBETWEEN(DATE(2026, 4,1), DATE(2026, 6, 20)) -> 46121 | E29: Toothache | F29: Dental Caries | G29: =IFERROR(VLOOKUP(F29, Diagnosis_Codes, 2, 0), "") -> DG 01 | H29: Restoration | I29: Completed | J29: 46146 | K29: =IF(COUNTIF(A29:A58, A29)>1, "Query:Duplicate Patient ID", IF(F29="", "Query:Diagnosis Missing", "") )
A30: OP-29 | B30: 45 | C30: Male | D30: =RANDBETWEEN(DATE(2026, 4,1), DATE(2026, 6, 20)) -> 46160 | E30: Toothache | G30: =IFERROR(VLOOKUP(F30, Diagnosis_Codes, 2, 0), "") | H30: Root Canal Treatment | I30: Referred | J30: 46152 | K30: =IF(COUNTIF(A30:A59, A30)>1, "Query:Duplicate Patient ID", IF(F30="", "Query:Diagnosis Missing", "") ) -> Query:Diagnosis Missing
A31: OP-30 | B31: 38 | C31: Female | D31: =RANDBETWEEN(DATE(2026, 4,1), DATE(2026, 6, 20)) -> 46163 | E31: Bleeding Gums | F31: Gingivitis | G31: =IFERROR(VLOOKUP(F31, Diagnosis_Codes, 2, 0), "") -> DG 04 | H31: Scaling | I31: Completed

Sheet Input Guide
A1: INPUT GUIDE
A2: Diagnosis Codes | D2: Treatment Plans | F2: Sex | H2: Treatment Status
A3: Diagnosis | B3: Codes | D3: Referral to specialist | F3: Male | H3: Pending
A4: Dental Caries | B4: DG 01 | D4: Restoration | F4: Female | H4: In Progress
A5: Pulpitis | B5: DG 02 | D5: Root Canal Treatment | H5: Completed
A6: Dentoalveolar abscess | B6: DG 03 | D6: Orthodontic consultation | H6: Referred
A7: Gingivitis | B7: DG 04 | D7: Extraction | H7: Did Not Return
A8: Periodontitis | B8: DG 05 | D8: Scaling
A9: Malocclusion | B9: DG 06
A10: Impacted tooth | B10: DG 07

Sheet OPD Summary
A1: OPD Summary
A3: Metric | B3: Value
A4: Treatment Completed | B4: =COUNTIF('Dental OP'!I2:I31, "Completed") -> 12
A5: Treatment In Progress | B5: =COUNTIF('Dental OP'!I3:I32, "In Progress") -> 3
A6: Pending Treatment | B6: =COUNTIF('Dental OP'!I4:I33, "Pending") -> 0
A7: Referred Patients | B7: =COUNTIF('Dental OP'!I2:I34, "Referred") -> 12
A8: Patients who didn't return | B8: =COUNTIF('Dental OP'!I2:I35, "Did Not Return") -> 3
A9: Total Patients Logged | B9: =COUNTA('Dental OP'!A2:A31) -> 30
A11: Diagnosis | B11: Count
A12: Dental Caries | B12: =COUNTIF('Dental OP'!F2:F32, "Dental Caries") -> 4
A13: Pulpitis | B13: =COUNTIF('Dental OP'!F1:F33, "Pulpitis") -> 2
A14: Periodontitis | B14: =COUNTIF('Dental OP'!F2:F34, "Periodontitis") -> 5
A15: Dentoalveolar abscess | B15: =COUNTIF('Dental OP'!F1:F35, "Dentoalveolar abscess") -> 1
A16: Malocclusion | B16: =COUNTIF('Dental OP'!F1:F36, "Malocclusion") -> 4
A17: Gingivitis | B17: =COUNTIF('Dental OP'!F2:F37, "Gingivitis") -> 7
A19: Query Category | B19: Count
A20: Missing Diagnosis | B20: =COUNTIF('Dental OP'!K1:K34, "Query:Diagnosis Missing") -> 6
A21: Duplicate Patient ID | B21: =COUNTIF('Dental OP'!K1:K35, "Query:Duplicate Patient ID") -> 1
A22: Open Queries | B22: {=SUM(COUNTIFS('Dental OP'!K2:K32, {"Query:Diagnosis Missing","Query:Duplicate Patient ID"}))} -> 7 | F22: Row Labels | G22: Sum of Count
F23: Dental Caries | G23: 4
F24: Dentoalveolar abscess | G24: 1
F25: Gingivitis | G25: 7
F26: Malocclusion | G26: 4
F27: Periodontitis | G27: 5
F28: Pulpitis | G28: 2
F29: Grand Total | G29: 23
F42: Row Labels | G42: Sum of Count
F43: Duplicate Patient ID | G43: 1
F44: Missing Diagnosis | G44: 6
F45: Open Queries | G45: 7
F46: Grand Total | G46: 14
